round,battery_round_x,battery_round_y,battery_round_x,battery_round_y,battery_round,average_data_transmitted
100,0.1641318518668413,0.1639632834121585,0.1609290512278676,0.1698631793260574,0.1698631793260574,0
