round,battery_round_x,battery_round_y,battery_round_x,battery_round_y,battery_round,average_data_transmitted
100,21.860170178115368,21.860170178115368,21.860170178115368,21.860170178115368,21.860170178115368,21
