round,battery_round_x,battery_round_y,battery_round_x,battery_round_y,battery_round,average_data_transmitted
100,21.825741045176983,21.825741045176983,21.825741045176983,21.825741045176983,21.825741045176983,21
