round,battery_round_x,battery_round_y,battery_round_x,battery_round_y,battery_round,average_data_transmitted
100,87.30296418070793,87.30296418070793,87.30296418070793,87.30296418070793,87.30296418070793,87
