round,battery_round_x,battery_round_y,battery_round_x,battery_round_y,battery_round,average_data_transmitted
100,21.83341346681118,21.83341346681118,21.83341346681118,21.83341346681118,21.83341346681118,21
