round,battery_round_x,battery_round_y,battery_round_x,battery_round_y,battery_round,average_data_transmitted
100,53.49794775247574,53.49794775247574,53.49794775247574,53.49794775247574,53.49794775247574,53
