round,battery_round_x,battery_round_y,battery_round_x,battery_round_y,battery_round,average_data_transmitted
100,13.374486938118936,13.374486938118936,13.374486938118936,13.374486938118936,13.374486938118936,13
