round,battery_round_x,battery_round_y,battery_round_x,battery_round_y,battery_round,average_data_transmitted
100,0.8968224748969078,0.8968224748969078,0.8968224748969078,0.8968224748969078,0.8968224748969078,0
