round,battery_round_x,battery_round_y,battery_round_x,battery_round_y,battery_round,average_data_transmitted
100,22.61542845517397,22.61542845517397,23.30642842873931,23.306425301358104,22.61542845517397,22
