round,battery_round_x,battery_round_y,battery_round_x,battery_round_y,battery_round,average_data_transmitted
100,21.825741045176983,21.825741045176983,21.82543156668544,21.825435481965545,21.825741045176983,21
