round,battery_round_x,battery_round_y,battery_round_x,battery_round_y,battery_round,average_data_transmitted
100,0.8273264393210411,0.8273264393210411,0.8273264393210411,0.8273264393210411,0.8273264393210411,0
