round,battery_round_x,battery_round_y,battery_round_x,battery_round_y,battery_round,average_data_transmitted
100,0.168568454682827,0.168568454682827,0.168568454682827,0.168568454682827,0.168568454682827,0
