round,battery_round_x,battery_round_y,battery_round_x,battery_round_y,battery_round,average_data_transmitted
100,0.1698631793260574,0.1698631793260574,0.1698631793260574,0.1698631793260574,0.1651432625949382,0
