round,battery_round_x,battery_round_y,battery_round_x,battery_round_y,battery_round,average_data_transmitted
100,13.378344662487509,13.378344662487509,13.378344662487509,13.378344662487509,13.378344662487509,13
