round,battery_round_x,battery_round_y,battery_round_x,battery_round_y,battery_round,average_data_transmitted
100,17.207216748036444,21.860170178115368,21.860170178115368,17.207216748036444,19.850443813949823,19
