round,battery_round_x,battery_round_y,battery_round_x,battery_round_y,battery_round,average_data_transmitted
100,3.3093057572841644,3.3093057572841644,3.3093057572841644,3.3093057572841644,3.3093057572841644,3
