round,battery_round_x,battery_round_y,battery_round_x,battery_round_y,battery_round,average_data_transmitted
100,22.61542845517397,20.694763243198395,21.43683843873441,21.48048992082477,22.61542845517397,21
