round,battery_round_x,battery_round_y,battery_round_x,battery_round_y,battery_round,average_data_transmitted
100,22.61542845517397,22.61542845517397,21.567792885005478,22.61542845517397,22.61542845517397,22
