round,battery_round_x,battery_round_y,battery_round_x,battery_round_y,battery_round,average_data_transmitted
100,0.674273818731308,0.674273818731308,0.674273818731308,0.674273818731308,0.674273818731308,0
